<?xml version="1.0" encoding="UTF-8"?>
<beans xmlns="http://www.springframework.org/schema/beans"
    xmlns:cxf="http://camel.apache.org/schema/cxf"
    xmlns:xsi="http://www.w3.org/2001/XMLSchema-instance" xsi:schemaLocation="              http://www.springframework.org/schema/beans         http://www.springframework.org/schema/beans/spring-beans.xsd                http://camel.apache.org/schema/spring               http://camel.apache.org/schema/spring/camel-spring.xsd http://camel.apache.org/schema/cxf http://camel.apache.org/schema/cxf/camel-cxf-2.8.3.xsd">
    <cxf:cxfEndpoint address="/getEmployeeDetails"
        endpointName="tns:EmployeeSOAP" id="sampleTestEndPoint"
        serviceClass="org.employee.employee.Employee"
        serviceName="tns:Employee" wsdlURL="wsdl/Employee.wsdl" xmlns:tns="http://www.employee.org/Employee/">
        <!-- <cxf:properties>
            <entry key="dataFormat" value="PAYLOAD"/>
            <entry key="setDefaultBus" value="true" />
        </cxf:properties> -->
    </cxf:cxfEndpoint>
    <camelContext id="camel" xmlns="http://camel.apache.org/schema/spring">
        <route id="simple-route">
            <from id="route-timer" uri="timer://foo?repeatCount=1"/>
            <setBody id="route-setBody">
                <simple>Hello World from camel-context.xml</simple>
            </setBody>
            <to id="_to1" uri="cxf:bean:sampleTestEndPoint?defaultOperationName=getDetails"/>
        </route>
        <route id="soap">
            <from id="_from1" uri="cxf:bean:sampleTestEndPoint"/>
            <bean id="_bean1" ref="employeeServiceImpl"/>
            <log id="_log2" message=">>> ${body}"/>
        </route>
    </camelContext>
    <bean class="org.employee.employee.EmployeeImpl" id="employeeServiceImpl"/>
    <!--  <cxf:cxfEndpoint address="/employeeService" 
    id="sampleTestEndPoint" serviceClass="org.employee.employee.Employee"/>
     -->
</beans>
